ONS ID,ONS Neighbourhood Name,Cumulative Rate Excluding Cases Linked to Outbreaks in LTCH & RH,Cumulative Number of Cases Excluding Those Linked to Outbreaks in LTCH & RH,"Rate (per 100,000 population) in December 2021, Excluding Cases Linked to Outbreaks in LTCH & RH","Number of Cases in December 2021, Excluding Those Linked to Outbreaks in LTCH & RH","Rate (per 100,000 population) in November 2021, Excluding Cases Linked to Outbreaks in LTCH & RH","Number of Cases in November 2021, Excluding Those Linked to Outbreaks in LTCH & RH","Rate (per 100,000 population) in October 2021, Excluding Cases Linked to Outbreaks in LTCH & RH","Number of Cases in October 2021, Excluding Those Linked to Outbreaks in LTCH & RH","Rate (per 100,000 population) in September 2021, Excluding Cases Linked to Outbreaks in LTCH & RH","Number of Cases in September 2021, Excluding Those Linked to Outbreaks in LTCH & RH","Rate (per 100,000 population) in August 2021, Excluding Cases Linked to Outbreaks in LTCH & RH","Number of Cases in August 2021, Excluding Those Linked to Outbreaks in LTCH & RH","Rate (per 100,000 population) in July 2021, Excluding Cases Linked to Outbreaks in LTCH & RH","Number of Cases in July 2021, Excluding Those Linked to Outbreaks in LTCH & RH","Rate (per 100,000 population) in June 2021, Excluding Cases Linked to Outbreaks in LTCH & RH","Number of Cases in June 2021, Excluding Those Linked to Outbreaks in LTCH & RH","Rate (per 100,000 population) in May 2021, Excluding Cases Linked to Outbreaks in LTCH & RH","Number of Cases in May 2021, Excluding Those Linked to Outbreaks in LTCH & RH","Rate (per 100,000 population) in April 2021, Excluding Cases Linked to Outbreaks in LTCH & RH","Number of Cases in April 2021, Excluding Those Linked to Outbreaks in LTCH & RH","Rate (per 100,000 population) in March 2021, Excluding Cases Linked to Outbreaks in LTCH & RH","Number of Cases in March 2021, Excluding Those Linked to Outbreaks in LTCH & RH","Rate (per 100,000 population) in February 2021, Excluding Cases Linked to Outbreaks in LTCH & RH","Number of Cases in February 2021, Excluding Those Linked to Outbreaks in LTCH & RH","Rate (per 100,000 population) in January 2021, Excluding Cases Linked to Outbreaks in LTCH & RH","Number of Cases in January 2021, Excluding Those Linked to Outbreaks in LTCH & RH","Rate (per 100,000 population) in December 2020, Excluding Cases Linked to Outbreaks in LTCH & RH","Number of Cases in December 2020, Excluding Those Linked to Outbreaks in LTCH & RH","Rate (per 100,000 population) in November 2020, Excluding Cases Linked to Outbreaks in LTCH & RH","Number of Cases in November 2020, Excluding Those Linked to Outbreaks in LTCH & RH","Rate (per 100,000 population) in October 2020, Excluding Cases Linked to Outbreaks in LTCH & RH","Number of Cases in October 2020, Excluding Those Linked to Outbreaks in LTCH & RH","Rate (per 100,000 population) in September 2020, Excluding Cases Linked to Outbreaks in LTCH & RH","Number of Cases in September 2020, Excluding Those Linked to Outbreaks in LTCH & RH","Rate (per 100,000 population) in August 2020 Excluding Cases Linked to Outbreaks in LTCH & RH","Number of Cases in August 2020, Excluding Those Linked to Outbreaks in LTCH & RH","Rate (per 100,000 population) in July 2020, Excluding Cases Linked to Outbreaks in LTCH & RH","Number of Cases in July 2020, Excluding Those Linked to Outbreaks in LTCH & RH",Population Estimate (Excluding LTCH Residents)
958,Westboro,2655,373,982,138,100,14,43,6,Suppressed,<5,Suppressed,<5,Suppressed,<5,Suppressed,<5,92,13,506,71,142,20,71,10,114,16,43,6,43,6,192,27,64,9,36,5,43,6,14044
910,Carlingwood West - Glabar Park - McKellar Heights,2709,277,782,80,108,11,59,6,Suppressed,<5,Suppressed,<5,Suppressed,<5,117,12,108,11,597,61,176,18,108,11,78,8,108,11,Suppressed,<5,108,11,98,10,Suppressed,<5,Suppressed,<5,10225
93,Rothwell Heights - Beacon Hill North,2848,342,916,110,108,13,50,6,92,11,50,6,Suppressed,<5,Suppressed,<5,183,22,250,30,192,23,Suppressed,<5,142,17,150,18,75,9,183,22,142,17,Suppressed,<5,158,19,12003
16,Carleton Heights - Rideauview,4151,301,855,62,110,8,69,5,179,13,Suppressed,<5,Suppressed,<5,Suppressed,<5,262,19,786,57,235,17,138,10,414,30,138,10,110,8,221,16,290,21,Suppressed,<5,Suppressed,<5,7252
920,Fallingbrook,3611,718,1305,260,111,22,70,14,143,28,55,11,25,5,40,8,207,41,546,109,232,46,128,25,122,24,81,16,116,23,136,27,116,23,Suppressed,<5,Suppressed,<5,19884
938,Old Barrhaven West,2994,613,987,202,112,23,83,17,98,20,29,6,34,7,29,6,132,27,420,86,98,20,98,20,230,47,63,13,98,20,205,42,78,16,78,16,29,6,20474
67,Munster - Ashton,2964,137,1273,59,113,5,Suppressed,<5,Suppressed,<5,Suppressed,<5,Suppressed,<5,Suppressed,<5,137,6,351,16,219,10,Suppressed,<5,Suppressed,<5,334,15,Suppressed,<5,Suppressed,<5,Suppressed,<5,Suppressed,<5,Suppressed,<5,4608
912,Carson Grove - Carson Meadows,4926,648,1057,139,114,15,61,8,380,50,122,16,Suppressed,<5,145,19,418,55,509,67,456,60,144,19,395,52,129,17,152,20,296,39,258,34,61,8,38,5,13158
936,Navan - Sarsfield,3782,259,1146,78,120,8,Suppressed,<5,118,8,88,6,Suppressed,<5,Suppressed,<5,270,18,356,24,276,19,Suppressed,<5,213,15,340,23,161,11,305,21,168,11,Suppressed,<5,Suppressed,<5,6840
901,Bayshore - Belltown,6105,702,787,90,122,14,337,39,166,19,104,12,70,8,85,10,349,40,1129,130,531,61,444,51,448,51,241,28,288,33,363,42,200,23,127,15,69,8,11494
904,Blackburn Hamlet,3067,277,901,81,122,11,Suppressed,<5,77,7,55,5,Suppressed,<5,85,8,191,17,722,65,166,15,Suppressed,<5,180,16,89,8,Suppressed,<5,177,16,66,6,56,5,Suppressed,<5,9042
12,Briar Green - Leslie Park,3280,189,933,54,122,7,Suppressed,<5,104,6,Suppressed,<5,Suppressed,<5,Suppressed,<5,313,18,504,29,174,10,Suppressed,<5,243,14,156,9,209,12,174,10,Suppressed,<5,Suppressed,<5,Suppressed,<5,5755
28,Civic Hospital-Central Park,3416,452,973,129,122,16,Suppressed,<5,76,10,Suppressed,<5,Suppressed,<5,39,5,136,18,649,86,305,40,76,10,226,30,60,8,114,15,225,30,176,23,Suppressed,<5,Suppressed,<5,13240
931,Laurentian,2219,251,1017,115,124,14,Suppressed,<5,Suppressed,<5,Suppressed,<5,Suppressed,<5,Suppressed,<5,115,13,132,15,186,21,Suppressed,<5,71,8,88,10,124,14,106,12,62,7,Suppressed,<5,Suppressed,<5,11317
921,Findlay Creek,6324,795,1618,203,127,16,127,16,180,23,83,10,Suppressed,<5,124,16,382,48,1481,186,347,44,215,27,524,66,215,27,255,32,310,39,151,19,48,6,64,8,12568
50,Hunt Club Park,5812,582,1045,105,127,13,80,8,337,34,160,16,Suppressed,<5,110,11,425,43,1118,112,321,32,130,13,778,78,197,20,110,11,321,32,207,21,58,6,147,15,10009
86,Pineview,4295,308,1157,83,139,10,209,15,195,14,139,10,Suppressed,<5,70,5,404,29,321,23,279,20,112,8,335,24,98,7,98,7,293,21,139,10,139,10,Suppressed,<5,7171
946,Riverside South - Leitrim,3558,691,1383,269,139,27,Suppressed,<5,124,24,36,7,Suppressed,<5,31,6,117,23,690,134,220,43,62,12,126,24,118,23,64,12,163,32,120,23,Suppressed,<5,Suppressed,<5,19433
937,Old Barrhaven East,4199,1239,1316,388,146,43,166,49,161,47,71,21,24,7,35,10,194,57,749,221,254,75,64,19,278,82,78,23,142,42,166,49,115,34,54,16,37,11,29506
916,Cumberland,4057,177,1006,44,151,7,160,7,Suppressed,<5,Suppressed,<5,Suppressed,<5,160,7,205,9,824,36,412,18,Suppressed,<5,Suppressed,<5,297,13,160,7,365,16,Suppressed,<5,Suppressed,<5,Suppressed,<5,4370
52,Hunt Club Upper -Blossom Park - Timbermill,4528,442,1372,134,154,15,69,7,133,13,Suppressed,<5,51,5,Suppressed,<5,123,12,757,74,138,13,94,9,477,47,224,22,139,14,346,34,225,22,Suppressed,<5,71,7,9760
952,Stonebridge - Half Moon Bay - Heart's Desire,4515,1002,1571,349,157,35,184,41,422,94,80,18,Suppressed,<5,89,20,179,40,512,114,283,63,109,24,245,54,100,22,133,30,135,30,108,24,Suppressed,<5,45,10,22194
106,Whitehaven - Queensway Terrace North,4094,545,762,102,158,21,152,20,45,6,45,6,Suppressed,<5,39,5,337,45,745,99,353,47,157,21,162,22,130,17,127,17,340,45,135,18,101,13,143,19,13319
31,Cityview - Crestview - Meadowlands,5004,472,1347,127,159,15,74,7,53,5,Suppressed,<5,Suppressed,<5,106,10,223,21,847,80,371,35,64,6,552,52,297,28,265,25,233,22,95,9,53,5,Suppressed,<5,9428
908,Byward Market,5385,397,950,70,163,12,123,9,219,16,Suppressed,<5,Suppressed,<5,96,7,258,19,855,63,354,26,1277,94,490,36,Suppressed,<5,68,5,192,14,109,8,Suppressed,<5,Suppressed,<5,7365
18,Carlington,4239,487,871,100,165,19,83,10,Suppressed,<5,Suppressed,<5,Suppressed,<5,122,14,165,19,924,106,127,15,78,9,227,26,53,6,201,23,472,54,327,38,70,8,109,13,11486
6,Bells Corners East,2723,142,786,41,172,9,Suppressed,<5,Suppressed,<5,Suppressed,<5,Suppressed,<5,134,7,230,12,575,30,212,11,Suppressed,<5,96,5,Suppressed,<5,Suppressed,<5,96,5,Suppressed,<5,Suppressed,<5,Suppressed,<5,5218
905,Borden Farm - Fisher Glen,3152,257,832,68,172,14,Suppressed,<5,82,7,Suppressed,<5,86,7,Suppressed,<5,103,8,545,44,415,34,160,13,224,18,68,6,61,5,233,19,Suppressed,<5,Suppressed,<5,Suppressed,<5,8143
55,Island Park - Wellington Village,2727,173,1261,80,173,11,Suppressed,<5,Suppressed,<5,Suppressed,<5,Suppressed,<5,Suppressed,<5,Suppressed,<5,441,28,142,9,142,9,110,7,79,5,Suppressed,<5,Suppressed,<5,95,6,Suppressed,<5,Suppressed,<5,6343
100,Trend-Arlington,3062,158,1214,63,174,9,Suppressed,<5,116,6,Suppressed,<5,Suppressed,<5,97,5,155,8,210,11,247,13,97,5,192,10,174,9,Suppressed,<5,155,8,Suppressed,<5,Suppressed,<5,Suppressed,<5,5162
951,Stittsville,3479,1531,1462,643,185,81,71,31,132,58,25,11,Suppressed,<5,52,23,163,72,406,179,166,73,86,38,169,74,118,52,86,38,170,75,67,29,11,5,23,10,44001
953,Vanier North,3698,457,873,108,186,23,81,10,146,18,Suppressed,<5,Suppressed,<5,64,8,267,33,598,74,194,24,177,22,154,19,146,18,57,7,427,53,136,17,Suppressed,<5,49,6,12357
49,Hunt Club East - Western Community,5000,632,1133,143,190,24,245,31,150,19,151,19,Suppressed,<5,55,7,339,43,656,83,332,42,245,31,538,68,175,22,55,7,237,30,206,26,63,8,63,8,12642
949,Sandy Hill,6223,870,1424,199,193,27,86,12,143,20,179,25,Suppressed,<5,150,21,436,61,1095,153,322,45,308,43,629,88,100,14,143,20,436,61,315,44,57,8,Suppressed,<5,13981
934,Lowertown,6031,454,1155,87,199,15,132,10,383,29,Suppressed,<5,Suppressed,<5,225,17,624,47,968,73,278,21,225,17,384,29,119,9,93,7,463,35,451,34,Suppressed,<5,Suppressed,<5,7533
913,Chapel Hill North,3953,470,1214,144,210,25,76,9,50,6,Suppressed,<5,Suppressed,<5,135,16,210,25,608,72,118,14,42,5,269,32,93,11,Suppressed,<5,303,36,193,23,118,14,59,7,11893
46,Hawthorne Meadows - Sheffield Glen,5699,446,793,62,230,18,Suppressed,<5,192,15,128,10,Suppressed,<5,205,16,729,57,882,69,460,36,205,16,419,33,141,11,141,11,575,45,166,13,115,9,Suppressed,<5,7822
948,Rockcliffe Park,3199,73,745,17,263,6,Suppressed,<5,Suppressed,<5,Suppressed,<5,Suppressed,<5,Suppressed,<5,219,5,438,10,351,8,Suppressed,<5,Suppressed,<5,Suppressed,<5,Suppressed,<5,438,10,Suppressed,<5,Suppressed,<5,Suppressed,<5,2282
950,Skyline - Fisher Heights,4271,201,1003,47,298,14,Suppressed,<5,319,15,Suppressed,<5,Suppressed,<5,Suppressed,<5,195,9,744,35,319,15,Suppressed,<5,255,12,383,18,Suppressed,<5,245,12,Suppressed,<5,128,6,Suppressed,<5,4702
929,Katimavik - Hazeldean,2923,362,993,123,331,41,65,8,81,10,Suppressed,<5,Suppressed,<5,Suppressed,<5,105,13,541,67,145,18,Suppressed,<5,65,8,137,17,89,11,81,10,40,5,Suppressed,<5,Suppressed,<5,12384
941,Parkwood Hills - Stewart Farm,5274,347,909,60,335,22,167,11,198,13,Suppressed,<5,Suppressed,<5,106,7,721,47,713,47,228,15,119,8,293,19,137,9,307,20,509,33,197,13,Suppressed,<5,152,10,6576
928,Kanata Lakes - Arcardia,1677,355,607,128,38,8,43,9,24,5,38,8,Suppressed,<5,24,5,118,25,246,52,132,28,24,5,118,25,43,9,33,7,78,17,Suppressed,<5,Suppressed,<5,Suppressed,<5,21164
955,Vars,3903,101,1082,28,386,10,309,8,270,7,Suppressed,<5,Suppressed,<5,Suppressed,<5,Suppressed,<5,386,10,193,5,Suppressed,<5,348,9,464,12,Suppressed,<5,Suppressed,<5,Suppressed,<5,Suppressed,<5,Suppressed,<5,2588
942,Portobello South,5286,1506,1402,400,41,12,150,43,173,49,154,44,55,16,98,28,352,100,869,248,240,68,246,70,419,119,297,85,155,44,230,65,146,42,53,15,25,7,28496
924,Glen Cairn - Kanata South Business Park,3244,413,1021,130,47,6,39,5,181,23,71,9,Suppressed,<5,94,12,244,31,518,66,204,26,118,15,94,12,173,22,55,7,173,22,71,9,Suppressed,<5,47,6,12730
915,Convent Glen - Orléans Woods,2588,423,803,131,49,8,Suppressed,<5,98,16,92,15,Suppressed,<5,43,7,165,27,404,66,122,20,92,15,123,20,98,16,67,11,172,28,98,16,Suppressed,<5,Suppressed,<5,16325
907,Brookside - Briarbrook - Morgan's Grant,2790,488,874,153,51,9,86,15,57,10,Suppressed,<5,Suppressed,<5,29,5,149,26,434,76,211,37,74,13,154,27,114,20,92,16,257,45,57,10,Suppressed,<5,Suppressed,<5,17480
13,Bridlewood - Emerald Meadows,2703,763,960,271,53,15,46,13,106,30,28,8,18,5,18,5,96,27,510,144,259,73,21,6,188,53,89,25,43,12,110,31,32,9,43,12,Suppressed,<5,28225
24,Centretown,3917,1251,1368,437,53,17,63,20,94,30,50,16,Suppressed,<5,22,7,288,92,786,251,279,89,116,37,166,53,100,32,97,31,141,45,128,41,28,9,22,7,31936
64,Manotick,3571,465,1547,202,55,7,127,17,225,29,Suppressed,<5,Suppressed,<5,Suppressed,<5,190,25,560,73,172,22,Suppressed,<5,163,21,96,13,91,12,87,11,44,6,Suppressed,<5,Suppressed,<5,13031
45,Greenboro East,5113,622,1033,126,58,7,114,14,222,27,106,13,Suppressed,<5,90,11,238,29,789,96,368,45,166,20,602,73,206,25,272,33,333,40,132,16,90,11,99,12,12159
957,West Centretown,3973,456,1298,149,61,7,52,6,105,12,113,13,Suppressed,<5,44,5,270,31,636,73,226,26,165,19,200,23,157,18,96,11,175,20,174,20,Suppressed,<5,Suppressed,<5,11481
932,Ledbury - Heron Gate - Ridgemont,7915,1281,735,119,68,11,117,19,290,47,80,13,Suppressed,<5,154,25,470,76,1273,206,433,70,325,53,1154,187,606,98,339,55,579,94,395,64,167,27,377,61,16183
911,Carp,1914,149,941,73,69,5,Suppressed,<5,67,5,Suppressed,<5,Suppressed,<5,Suppressed,<5,112,9,214,17,77,6,Suppressed,<5,Suppressed,<5,Suppressed,<5,69,5,126,10,Suppressed,<5,Suppressed,<5,Suppressed,<5,7787
923,Glebe - Dows Lake,3259,469,1529,220,69,10,90,13,69,10,42,6,Suppressed,<5,Suppressed,<5,111,16,466,67,202,29,35,5,90,13,97,14,63,9,83,12,118,17,Suppressed,<5,Suppressed,<5,14392
909,Cardinal Creek,4558,606,1368,182,70,9,105,14,226,30,60,8,Suppressed,<5,128,17,398,53,421,56,398,53,120,16,210,28,165,22,120,16,263,35,159,21,68,9,Suppressed,<5,13303
914,Chapman Mills,3902,529,1100,149,74,10,170,23,186,25,66,9,Suppressed,<5,Suppressed,<5,312,42,747,101,161,22,118,16,159,21,114,15,97,13,302,41,74,10,44,6,52,7,13545
87,Playfair Park - Lynda Park - Guildwood Estates,4076,277,1132,77,74,5,103,7,118,8,Suppressed,<5,Suppressed,<5,Suppressed,<5,338,23,912,62,221,15,235,16,250,17,74,5,118,8,185,13,97,7,Suppressed,<5,Suppressed,<5,6801
945,Rideau Crest - Davidson Heights,3201,510,906,144,75,12,44,7,153,24,Suppressed,<5,Suppressed,<5,44,7,118,19,714,114,144,23,82,13,164,26,133,21,216,34,144,23,75,12,31,5,Suppressed,<5,15932
23,Centrepointe,2479,195,842,66,76,6,Suppressed,<5,76,6,Suppressed,<5,Suppressed,<5,Suppressed,<5,178,14,495,39,140,11,Suppressed,<5,102,8,63,5,127,10,102,8,Suppressed,<5,Suppressed,<5,Suppressed,<5,7877
919,Elmvale - Canterbury,3890,539,1036,144,76,11,92,13,74,10,43,6,Suppressed,<5,45,6,312,43,573,80,190,26,112,16,329,46,223,31,78,11,311,43,145,20,Suppressed,<5,43,6,13868
47,Hintonburg - Mechanicsville,3249,379,1286,150,77,9,Suppressed,<5,43,5,Suppressed,<5,Suppressed,<5,Suppressed,<5,154,18,737,86,163,19,Suppressed,<5,77,9,Suppressed,<5,86,10,283,33,120,14,Suppressed,<5,Suppressed,<5,11664
940,Overbrook - McArthur,5792,1375,939,223,80,19,261,62,278,66,46,11,21,5,88,21,670,159,712,169,236,56,215,51,535,127,198,47,143,34,691,164,270,64,88,21,76,18,23737
108,Woodvale - Craig Henry - Manordale - Estates of Arlington Woods,4371,426,913,89,82,8,Suppressed,<5,195,19,82,8,Suppressed,<5,72,7,369,36,626,61,185,18,267,26,523,51,246,24,246,24,185,18,72,7,92,9,Suppressed,<5,9745
906,Britannia Village,2705,195,596,43,83,6,125,9,69,5,Suppressed,<5,Suppressed,<5,Suppressed,<5,208,15,416,30,236,17,Suppressed,<5,180,13,Suppressed,<5,Suppressed,<5,222,16,97,7,Suppressed,<5,Suppressed,<5,7210
903,Billings Bridge - Alta Vista,3720,535,1078,155,84,12,42,6,118,17,77,11,Suppressed,<5,Suppressed,<5,209,30,599,86,334,48,223,32,202,29,132,19,42,6,204,29,156,22,35,5,Suppressed,<5,14369
935,Manor Park,3456,285,837,69,85,7,Suppressed,<5,170,14,85,7,Suppressed,<5,Suppressed,<5,243,20,594,49,158,13,97,8,327,27,109,9,61,5,206,17,194,16,Suppressed,<5,Suppressed,<5,8247
3,Beacon Hill South - Cardinal Heights,4167,364,504,44,Suppressed,<5,172,15,321,28,126,11,Suppressed,<5,Suppressed,<5,515,45,618,54,160,14,321,28,343,30,183,16,137,12,240,21,206,18,69,6,Suppressed,<5,8735
902,Beaverbrook,2569,192,1064,79,Suppressed,<5,Suppressed,<5,134,10,Suppressed,<5,Suppressed,<5,Suppressed,<5,241,18,455,34,147,11,Suppressed,<5,80,6,Suppressed,<5,Suppressed,<5,153,11,Suppressed,<5,Suppressed,<5,Suppressed,<5,7471
5,Beechwood Cemetery,Suppressed,<5,Suppressed,<5,Suppressed,<5,Suppressed,<5,Suppressed,<5,Suppressed,<5,Suppressed,<5,Suppressed,<5,Suppressed,<5,Suppressed,<5,Suppressed,<5,Suppressed,<5,Suppressed,<5,Suppressed,<5,Suppressed,<5,Suppressed,<5,Suppressed,<5,Suppressed,<5,Suppressed,<5,0
7,Bells Corners West,2956,141,665,32,Suppressed,<5,Suppressed,<5,Suppressed,<5,Suppressed,<5,Suppressed,<5,Suppressed,<5,336,16,361,17,265,13,Suppressed,<5,166,8,105,5,130,6,210,10,246,12,Suppressed,<5,Suppressed,<5,4761
11,Braemar Park - Bel Air Heights - Copeland Park,3271,237,1121,81,Suppressed,<5,83,6,138,10,Suppressed,<5,Suppressed,<5,Suppressed,<5,152,11,648,47,181,13,69,5,Suppressed,<5,69,5,96,7,193,14,100,7,Suppressed,<5,69,5,7241
17,Carleton University,Suppressed,39,Suppressed,<5,Suppressed,<5,Suppressed,<5,Suppressed,<5,Suppressed,<5,Suppressed,<5,Suppressed,<5,Suppressed,<5,Suppressed,13,Suppressed,<5,Suppressed,<5,Suppressed,7,Suppressed,<5,Suppressed,<5,Suppressed,<5,Suppressed,5,Suppressed,<5,Suppressed,<5,0
75,Chapel Hill South,5088,724,1335,190,Suppressed,<5,77,11,213,30,42,6,Suppressed,<5,56,8,402,57,858,122,244,35,230,33,392,56,232,33,237,34,343,49,197,28,Suppressed,<5,Suppressed,<5,14233
76,Chatelaine Village,2809,144,722,37,Suppressed,<5,Suppressed,<5,156,8,Suppressed,<5,Suppressed,<5,Suppressed,<5,Suppressed,<5,507,26,488,25,Suppressed,<5,234,12,Suppressed,<5,Suppressed,<5,176,9,Suppressed,<5,Suppressed,<5,Suppressed,<5,5127
29,Constance Bay,1811,48,539,14,Suppressed,<5,Suppressed,<5,Suppressed,<5,237,6,Suppressed,<5,Suppressed,<5,Suppressed,<5,345,9,237,6,Suppressed,<5,Suppressed,<5,Suppressed,<5,Suppressed,<5,Suppressed,<5,Suppressed,<5,Suppressed,<5,Suppressed,<5,2644
30,Corkery,1942,92,936,44,Suppressed,<5,Suppressed,<5,Suppressed,<5,Suppressed,<5,Suppressed,<5,Suppressed,<5,Suppressed,<5,209,10,Suppressed,<5,Suppressed,<5,Suppressed,<5,Suppressed,<5,Suppressed,<5,169,8,Suppressed,<5,Suppressed,<5,Suppressed,<5,4722
32,Crystal Bay - Lakeview Park,2189,96,775,34,Suppressed,<5,Suppressed,<5,114,5,Suppressed,<5,Suppressed,<5,Suppressed,<5,Suppressed,<5,319,14,160,7,Suppressed,<5,Suppressed,<5,182,8,Suppressed,<5,114,5,Suppressed,<5,Suppressed,<5,Suppressed,<5,4386
35,Dunrobin,1930,121,795,50,Suppressed,<5,Suppressed,<5,Suppressed,<5,Suppressed,<5,Suppressed,<5,Suppressed,<5,Suppressed,<5,537,34,102,6,Suppressed,<5,145,9,Suppressed,<5,Suppressed,<5,Suppressed,<5,Suppressed,<5,Suppressed,<5,Suppressed,<5,6247
917,East Industrial,3693,83,545,12,Suppressed,<5,Suppressed,<5,Suppressed,<5,Suppressed,<5,Suppressed,<5,Suppressed,<5,372,8,341,8,651,15,Suppressed,<5,404,9,325,7,Suppressed,<5,Suppressed,<5,Suppressed,<5,Suppressed,<5,Suppressed,<5,2246
918,Edwards - Carlsbad Springs,3818,134,915,32,Suppressed,<5,Suppressed,<5,256,9,Suppressed,<5,Suppressed,<5,Suppressed,<5,227,8,973,34,168,6,Suppressed,<5,420,15,171,6,208,7,Suppressed,<5,171,6,Suppressed,<5,Suppressed,<5,3518
38,Emerald Woods - Sawmill Creek,7486,477,727,46,Suppressed,<5,176,11,Suppressed,<5,Suppressed,<5,Suppressed,<5,Suppressed,<5,517,33,1385,88,445,28,204,13,1994,127,361,23,570,36,281,18,220,14,Suppressed,<5,362,23,6377
922,Fitzroy,1905,60,668,21,Suppressed,<5,Suppressed,<5,Suppressed,<5,Suppressed,<5,Suppressed,<5,Suppressed,<5,Suppressed,<5,312,10,177,6,Suppressed,<5,175,5,Suppressed,<5,Suppressed,<5,Suppressed,<5,Suppressed,<5,Suppressed,<5,Suppressed,<5,3125
925,Greely,3449,382,1366,151,Suppressed,<5,Suppressed,<5,84,9,Suppressed,<5,Suppressed,<5,Suppressed,<5,143,16,542,60,326,36,172,19,158,18,63,7,132,15,162,18,63,7,Suppressed,<5,Suppressed,<5,11078
926,Greenbelt,Suppressed,137,Suppressed,32,Suppressed,<5,Suppressed,<5,Suppressed,<5,Suppressed,<5,Suppressed,<5,Suppressed,15,Suppressed,26,Suppressed,26,Suppressed,<5,Suppressed,<5,Suppressed,6,Suppressed,6,Suppressed,<5,Suppressed,<5,Suppressed,<5,Suppressed,<5,Suppressed,<5,1990
48,Hunt Club - Ottawa Airport,4324,109,1159,29,Suppressed,<5,239,6,279,7,Suppressed,<5,Suppressed,<5,Suppressed,<5,285,7,880,22,Suppressed,<5,Suppressed,<5,558,14,Suppressed,<5,239,6,Suppressed,<5,Suppressed,<5,Suppressed,<5,Suppressed,<5,2510
51,Hunt Club South Industrial,Suppressed,49,Suppressed,11,Suppressed,7,Suppressed,<5,Suppressed,<5,Suppressed,<5,Suppressed,<5,Suppressed,<5,Suppressed,<5,Suppressed,13,Suppressed,<5,Suppressed,<5,Suppressed,<5,Suppressed,<5,Suppressed,<5,Suppressed,<5,Suppressed,<5,Suppressed,<5,Suppressed,<5,1041
927,Hunt Club Woods - Quintarra - Revelstoke,3383,219,1105,72,Suppressed,<5,139,9,108,7,152,10,Suppressed,<5,Suppressed,<5,108,7,493,32,278,18,108,7,123,8,Suppressed,<5,108,7,199,13,123,8,Suppressed,<5,Suppressed,<5,6486
54,Iris - Queensway Terrance South,3718,242,1122,73,Suppressed,<5,108,7,92,6,Suppressed,<5,Suppressed,<5,Suppressed,<5,230,15,615,40,399,26,Suppressed,<5,92,6,92,6,77,5,415,27,92,6,Suppressed,<5,Suppressed,<5,6509
930,Kinburn,Suppressed,23,Suppressed,8,Suppressed,<5,Suppressed,<5,Suppressed,<5,Suppressed,<5,Suppressed,<5,Suppressed,<5,Suppressed,<5,Suppressed,<5,Suppressed,<5,Suppressed,<5,Suppressed,<5,Suppressed,<5,Suppressed,<5,Suppressed,<5,Suppressed,<5,Suppressed,<5,Suppressed,<5,1426
60,Lebreton Development,Suppressed,24,Suppressed,6,Suppressed,<5,Suppressed,<5,Suppressed,<5,Suppressed,<5,Suppressed,<5,Suppressed,<5,Suppressed,<5,Suppressed,<5,Suppressed,<5,Suppressed,<5,Suppressed,7,Suppressed,<5,Suppressed,<5,Suppressed,<5,Suppressed,<5,Suppressed,<5,Suppressed,<5,767
933,Lindenlea - New Edinburgh,2592,160,907,56,Suppressed,<5,113,7,113,7,Suppressed,<5,Suppressed,<5,Suppressed,<5,97,6,502,31,Suppressed,<5,Suppressed,<5,275,17,Suppressed,<5,Suppressed,<5,146,9,Suppressed,<5,Suppressed,<5,Suppressed,<5,6172
85,Marlborough,2300,46,681,14,Suppressed,<5,Suppressed,<5,Suppressed,<5,Suppressed,<5,Suppressed,<5,Suppressed,<5,Suppressed,<5,312,6,350,7,Suppressed,<5,292,6,Suppressed,<5,Suppressed,<5,Suppressed,<5,Suppressed,<5,Suppressed,<5,Suppressed,<5,2003
65,Merivale Gardens - Grenfell Glen - Pineglen - Country Place,2545,84,726,24,Suppressed,<5,272,9,Suppressed,<5,Suppressed,<5,Suppressed,<5,Suppressed,<5,Suppressed,<5,424,14,Suppressed,<5,Suppressed,<5,Suppressed,<5,334,11,Suppressed,<5,Suppressed,<5,Suppressed,<5,Suppressed,<5,Suppressed,<5,3306
66,Metcalfe,2953,163,1090,60,Suppressed,<5,Suppressed,<5,109,6,Suppressed,<5,Suppressed,<5,Suppressed,<5,Suppressed,<5,645,36,200,11,Suppressed,<5,219,12,290,16,Suppressed,<5,Suppressed,<5,Suppressed,<5,Suppressed,<5,Suppressed,<5,5510
70,North Gower - Kars,2278,112,726,36,Suppressed,<5,Suppressed,<5,178,9,Suppressed,<5,Suppressed,<5,Suppressed,<5,Suppressed,<5,426,21,347,17,Suppressed,<5,186,9,Suppressed,<5,Suppressed,<5,Suppressed,<5,Suppressed,<5,Suppressed,<5,Suppressed,<5,4911
71,Notre-Dame Cemetery,Suppressed,<5,Suppressed,<5,Suppressed,<5,Suppressed,<5,Suppressed,<5,Suppressed,<5,Suppressed,<5,Suppressed,<5,Suppressed,<5,Suppressed,<5,Suppressed,<5,Suppressed,<5,Suppressed,<5,Suppressed,<5,Suppressed,<5,Suppressed,<5,Suppressed,<5,Suppressed,<5,Suppressed,<5,0
82,Old Ottawa East,3838,336,1495,131,Suppressed,<5,91,8,68,6,Suppressed,<5,Suppressed,<5,Suppressed,<5,194,17,757,66,240,21,114,10,171,15,126,11,80,7,114,10,148,13,Suppressed,<5,Suppressed,<5,8762
83,Old Ottawa South,2990,213,1533,109,Suppressed,<5,Suppressed,<5,Suppressed,<5,Suppressed,<5,Suppressed,<5,Suppressed,<5,84,6,305,22,337,24,Suppressed,<5,98,7,98,7,70,5,Suppressed,<5,112,8,Suppressed,<5,Suppressed,<5,7114
77,Orléans Industrial,Suppressed,<5,Suppressed,<5,Suppressed,<5,Suppressed,<5,Suppressed,<5,Suppressed,<5,Suppressed,<5,Suppressed,<5,Suppressed,<5,Suppressed,<5,Suppressed,<5,Suppressed,<5,Suppressed,<5,Suppressed,<5,Suppressed,<5,Suppressed,<5,Suppressed,<5,Suppressed,<5,Suppressed,<5,0
939,Orléans Village - Chateauneuf,3384,389,1130,130,Suppressed,<5,Suppressed,<5,156,18,52,6,Suppressed,<5,52,6,132,15,574,66,209,24,Suppressed,<5,209,24,174,20,61,7,156,18,130,15,113,13,Suppressed,<5,11505
81,Osgoode - Vernon,2283,129,1100,62,Suppressed,<5,Suppressed,<5,Suppressed,<5,Suppressed,<5,Suppressed,<5,Suppressed,<5,101,6,256,14,124,7,142,8,136,8,159,9,Suppressed,<5,Suppressed,<5,Suppressed,<5,Suppressed,<5,Suppressed,<5,5650
88,Qualicum - Redwood Park,3848,189,1425,70,Suppressed,<5,Suppressed,<5,122,6,102,5,Suppressed,<5,Suppressed,<5,224,11,590,29,122,6,Suppressed,<5,143,7,Suppressed,<5,122,6,407,20,Suppressed,<5,Suppressed,<5,122,6,4912
943,Queenswood Heights,2801,379,1153,156,Suppressed,<5,81,11,Suppressed,<5,Suppressed,<5,Suppressed,<5,52,7,154,21,495,67,44,6,37,5,170,23,140,19,67,9,163,22,37,5,Suppressed,<5,Suppressed,<5,13525
944,Richmond,3349,330,1279,126,Suppressed,<5,Suppressed,<5,84,8,Suppressed,<5,Suppressed,<5,91,9,153,15,583,57,201,20,Suppressed,<5,63,6,404,40,97,10,117,12,62,6,Suppressed,<5,Suppressed,<5,9845
90,Riverside Park,3441,173,936,47,Suppressed,<5,Suppressed,<5,Suppressed,<5,Suppressed,<5,Suppressed,<5,Suppressed,<5,179,9,417,21,278,14,Suppressed,<5,556,28,238,12,258,13,179,9,99,5,Suppressed,<5,Suppressed,<5,5033
947,Riverview,4815,327,766,52,Suppressed,<5,147,10,236,16,Suppressed,<5,Suppressed,<5,74,5,456,31,765,52,339,23,413,28,766,52,Suppressed,<5,131,9,192,13,177,12,88,6,Suppressed,<5,6786
97,South Keys - Greenboro West,3877,180,1172,54,Suppressed,<5,Suppressed,<5,260,12,Suppressed,<5,Suppressed,<5,Suppressed,<5,Suppressed,<5,881,41,144,7,153,7,369,17,151,7,112,5,Suppressed,<5,108,5,Suppressed,<5,129,6,4642
99,Tanglewood,3688,204,795,44,Suppressed,<5,Suppressed,<5,217,12,Suppressed,<5,Suppressed,<5,Suppressed,<5,307,17,744,41,253,14,90,5,452,25,199,11,Suppressed,<5,108,6,90,5,Suppressed,<5,Suppressed,<5,5537
954,Vanier South,5084,405,805,64,Suppressed,<5,176,14,238,19,113,9,Suppressed,<5,101,8,440,35,804,64,264,21,278,22,439,35,138,11,100,8,568,45,291,23,89,7,Suppressed,<5,7968
956,Wateridge Village,Suppressed,53,Suppressed,11,Suppressed,<5,Suppressed,<5,Suppressed,<5,Suppressed,<5,Suppressed,<5,Suppressed,7,Suppressed,<5,Suppressed,14,Suppressed,<5,Suppressed,<5,Suppressed,5,Suppressed,<5,Suppressed,<5,Suppressed,<5,Suppressed,<5,Suppressed,<5,Suppressed,<5,1041
